Div,Date,HomeTeam,AwayTeam,FTHG,FTAG,FTR,HomeTeamOverallFormL3,AwayTeamOverallFormL3,HomeTeamHomeFormL3,AwayTeamAwayFormL3,HomeTeamPromoted,AwayTeamPromoted,HomeTeamAvgGoalsScoredOverall,HomeTeamAvgGoalsConcededOverall,AwayTeamAvgGoalsScoredOverall,AwayTeamAvgGoalsConcededOverall,HomeTeamAvgGoalsScoredHome,HomeTeamAvgGoalsConcededHome,AwayTeamAvgGoalsScoredAway,AwayTeamAvgGoalsConcededAway,HomeTeamAvgGoalsScoredOverallL3,HomeTeamAvgGoalsConcededOverallL3,AwayTeamAvgGoalsScoredOverallL3,AwayTeamAvgGoalsConcededOverallL3,HomeTeamAvgGoalsScoredHomeL3,HomeTeamAvgGoalsConcededHomeL3,AwayTeamAvgGoalsScoredAwayL3,AwayTeamAvgGoalsConcededAwayL3
E0,26/09/2015,Leicester,Arsenal,2,5,A,0.56,0.67,0.78,0.67,0,0,2.17,1.5,0.83,0.83,2.67,1.67,1.0,1.0,2.0,1.67,1.0,0.67,2.67,1.67,1.0,1.0
E0,26/09/2015,Liverpool,Aston Villa,3,2,H,0.11,0.11,0.44,0.33,0,0,0.67,1.17,1.0,1.5,0.67,1.33,1.33,1.67,0.67,2.33,1.33,2.0,0.67,1.33,1.33,1.67
E0,26/09/2015,Man United,Sunderland,3,0,H,0.67,0.11,0.78,0.11,0,0,1.5,0.83,1.0,2.17,1.33,0.33,1.33,2.67,2.33,1.67,0.67,1.67,1.33,0.33,1.33,2.67
E0,26/09/2015,Newcastle,Chelsea,2,2,D,0.0,0.33,0.11,0.33,0,0,0.5,1.5,1.5,2.0,1.0,1.67,1.33,2.67,0.33,1.67,1.33,1.67,1.0,1.67,1.33,2.67
E0,26/09/2015,Southampton,Swansea,3,1,H,0.44,0.44,0.33,0.22,0,0,1.17,1.33,1.17,0.83,1.67,2.0,1.0,1.33,1.67,1.0,0.67,0.67,1.67,2.0,1.0,1.33
E0,26/09/2015,Stoke,Bournemouth,2,1,H,0.11,0.44,0.11,0.33,0,1,0.83,1.5,1.33,1.5,0.67,1.33,1.67,2.33,0.67,1.67,1.33,1.33,0.67,1.33,1.67,2.33
E0,26/09/2015,Tottenham,Man City,4,1,H,0.78,0.67,0.56,1.0,0,0,0.83,0.67,2.0,0.33,1.0,0.67,2.0,0.0,0.67,0.0,1.33,0.67,1.0,0.67,2.0,0.0
E0,26/09/2015,West Ham,Norwich,2,2,D,1.0,0.44,0.33,0.44,0,1,2.17,1.17,1.5,1.67,2.0,2.0,1.33,1.67,2.33,0.33,1.33,1.67,2.0,2.0,1.33,1.67
E0,27/09/2015,Watford,Crystal Palace,0,1,A,0.67,0.33,0.56,0.67,1,0,0.83,0.83,1.33,1.17,0.33,0.0,1.67,1.0,1.0,1.0,0.67,1.0,0.33,0.0,1.67,1.0
E0,28/09/2015,West Brom,Everton,2,3,A,0.78,0.56,0.11,0.56,0,0,0.67,1.0,1.33,0.83,0.67,2.0,1.0,0.0,0.67,0.0,1.0,0.33,0.67,2.0,1.0,0.0
E0,03/10/2015,Aston Villa,Stoke,0,1,A,0.0,0.44,0.11,0.22,0,0,1.14,1.71,1.0,1.43,0.67,1.33,1.0,1.67,1.33,2.33,1.33,1.67,0.67,1.33,1.0,1.67
E0,03/10/2015,Bournemouth,Watford,1,1,D,0.33,0.67,0.44,0.44,1,1,1.29,1.57,0.71,0.86,1.0,0.67,1.33,1.67,1.33,1.67,1.0,0.67,1.0,0.67,1.33,1.67
E0,03/10/2015,Chelsea,Southampton,1,3,A,0.44,0.44,0.44,0.33,0,0,1.57,2.0,1.43,1.29,1.67,1.33,0.67,0.67,1.67,1.67,1.67,1.33,1.67,1.33,0.67,0.67
E0,03/10/2015,Crystal Palace,West Brom,2,0,H,0.33,0.44,0.33,0.78,0,0,1.29,1.0,0.86,1.29,1.0,1.33,0.67,0.0,0.33,0.67,1.0,1.0,1.0,1.33,0.67,0.0
E0,03/10/2015,Man City,Newcastle,6,1,H,0.33,0.11,0.67,0.11,0,0,1.86,0.86,0.71,1.57,2.0,0.67,0.0,1.33,1.0,2.0,1.0,2.0,2.0,0.67,0.0,1.33
E0,03/10/2015,Norwich,Leicester,1,2,A,0.56,0.44,0.44,0.56,1,0,1.57,1.71,2.14,2.0,1.67,1.67,1.67,1.33,2.0,1.33,2.33,3.0,1.67,1.67,1.67,1.33
E0,03/10/2015,Sunderland,West Ham,2,2,D,0.0,0.78,0.11,1.0,0,0,0.86,2.29,2.14,1.29,0.67,1.67,2.33,0.33,0.0,2.0,2.0,1.0,0.67,1.67,2.33,0.33
E0,04/10/2015,Arsenal,Man United,3,0,H,0.67,1.0,0.44,0.67,0,0,1.43,1.0,1.71,0.71,0.67,0.67,1.67,1.33,2.33,1.33,3.0,1.0,0.67,0.67,1.67,1.33
E0,04/10/2015,Everton,Liverpool,1,1,D,0.78,0.44,0.44,0.44,0,0,1.57,1.0,1.0,1.29,1.67,1.67,0.67,1.0,2.0,1.0,1.67,2.0,1.67,1.67,0.67,1.0
E0,04/10/2015,Swansea,Tottenham,2,2,D,0.11,1.0,0.78,0.44,0,0,1.14,1.14,1.29,0.71,1.33,0.33,0.67,0.67,0.33,1.33,2.0,0.33,1.33,0.33,0.67,0.67
E0,17/10/2015,Chelsea,Aston Villa,2,0,H,0.44,0.0,0.33,0.0,0,0,1.5,2.12,1.0,1.62,1.5,1.75,1.5,2.0,1.67,1.67,0.67,1.67,1.33,1.67,1.67,2.67
E0,17/10/2015,Crystal Palace,West Ham,1,3,A,0.67,0.56,0.67,0.78,0,0,1.38,0.88,2.12,1.38,1.25,1.0,2.25,0.75,1.0,0.33,2.0,1.67,1.33,0.67,2.33,1.0
E0,17/10/2015,Everton,Man United,0,3,A,0.56,0.67,0.44,0.33,0,0,1.5,1.0,1.5,1.0,1.5,1.5,1.25,1.75,1.33,1.0,2.0,1.67,1.33,1.33,1.33,2.33
E0,17/10/2015,Man City,Bournemouth,5,1,H,0.33,0.44,0.67,0.33,0,1,2.38,0.88,1.25,1.5,3.0,0.75,1.5,2.25,2.67,2.33,1.33,1.0,3.0,1.0,2.0,2.67
E0,17/10/2015,Southampton,Leicester,2,2,D,0.67,0.44,0.67,0.56,0,0,1.62,1.25,2.12,1.88,2.0,1.75,1.75,1.25,2.67,1.67,2.0,2.67,2.67,1.33,1.67,1.33
E0,17/10/2015,Tottenham,Liverpool,0,0,D,0.78,0.56,0.78,0.22,0,0,1.38,0.88,1.0,1.25,1.75,0.75,0.75,1.0,2.33,1.0,1.67,1.33,1.67,0.33,0.67,1.33
E0,17/10/2015,Watford,Arsenal,0,3,A,0.44,0.67,0.44,0.67,1,0,0.75,0.88,1.62,0.88,0.25,0.25,2.0,1.25,1.0,1.0,2.67,1.33,0.33,0.33,2.0,1.33
E0,17/10/2015,West Brom,Sunderland,1,0,H,0.33,0.11,0.11,0.11,0,0,0.75,1.38,1.0,2.25,1.0,2.25,1.0,2.75,1.0,1.67,0.67,2.33,1.33,2.0,0.67,2.33
E0,18/10/2015,Newcastle,Norwich,6,2,H,0.11,0.22,0.11,0.22,0,1,0.75,2.12,1.5,1.75,1.25,1.75,1.5,1.75,1.33,3.33,1.33,1.67,1.0,1.67,1.0,2.0
E0,19/10/2015,Swansea,Stoke,0,1,A,0.22,0.78,0.56,0.44,0,0,1.25,1.25,1.0,1.25,1.5,0.75,1.0,1.25,1.0,1.67,1.67,1.0,1.33,1.0,0.67,1.0
E0,24/10/2015,Arsenal,Everton,2,1,H,1.0,0.44,0.78,0.56,0,0,1.78,0.78,1.33,1.22,1.25,0.5,1.5,0.5,3.67,0.67,1.33,2.0,1.67,0.0,1.0,0.67
E0,24/10/2015,Aston Villa,Swansea,1,2,A,0.0,0.11,0.11,0.11,0,0,0.89,1.67,1.11,1.22,0.5,1.25,1.0,1.75,0.67,2.0,1.0,2.0,0.67,1.33,0.67,1.67
E0,24/10/2015,Leicester,Crystal Palace,1,0,H,0.44,0.67,0.44,0.67,0,0,2.11,1.89,1.33,1.11,2.5,2.5,1.5,0.75,2.0,2.67,1.33,1.0,2.0,2.67,1.0,0.67
E0,24/10/2015,Norwich,West Brom,0,1,A,0.11,0.33,0.44,0.67,1,0,1.56,2.22,0.78,1.22,1.5,1.75,0.5,0.5,1.67,3.33,1.0,1.67,1.67,1.33,0.67,0.67
E0,24/10/2015,Stoke,Watford,0,2,A,1.0,0.11,0.44,0.44,0,1,1.0,1.11,0.67,1.11,1.0,1.25,1.25,1.5,1.33,0.33,0.33,1.67,1.33,1.33,1.0,1.33
E0,24/10/2015,West Ham,Chelsea,2,1,H,0.56,0.44,0.44,0.44,0,0,2.22,1.33,1.56,1.89,2.0,2.0,1.5,2.5,2.33,1.67,1.67,1.67,2.33,2.0,2.0,2.33
E0,25/10/2015,Bournemouth,Tottenham,1,5,A,0.11,0.56,0.56,0.56,1,0,1.22,1.89,1.22,0.78,1.0,0.75,1.0,1.0,1.0,2.67,2.0,1.0,1.33,0.67,1.33,1.0
E0,25/10/2015,Liverpool,Southampton,1,1,D,0.56,0.78,0.44,0.56,0,0,0.89,1.11,1.67,1.33,1.25,1.5,1.25,0.75,1.33,1.0,2.67,1.33,1.33,2.0,1.0,0.33
E0,25/10/2015,Man United,Man City,0,0,D,0.67,0.67,0.78,0.67,0,0,1.67,0.89,2.67,0.89,1.75,0.25,1.75,1.0,2.0,1.0,4.0,2.0,2.0,0.33,1.33,1.33
E0,25/10/2015,Sunderland,Newcastle,3,0,H,0.11,0.44,0.22,0.11,0,0,0.89,2.11,1.33,2.11,1.0,1.75,0.25,2.5,0.67,2.0,3.0,3.33,1.0,1.33,0.33,2.67
E0,31/10/2015,Chelsea,Liverpool,1,3,A,0.33,0.33,0.67,0.22,0,0,1.5,1.9,0.9,1.1,1.6,1.4,0.6,0.8,1.33,1.67,0.67,0.67,1.67,1.0,0.67,1.33
E0,31/10/2015,Crystal Palace,Man United,0,0,D,0.33,0.44,0.33,0.67,0,0,1.2,1.1,1.5,0.8,1.2,1.4,1.6,1.4,1.0,1.33,1.0,1.0,1.0,1.33,2.0,1.67
E0,31/10/2015,Man City,Norwich,2,1,H,0.78,0.0,0.67,0.22,0,1,2.4,0.8,1.4,2.1,3.4,0.8,1.6,2.6,3.67,0.67,1.0,3.0,4.0,1.33,1.67,3.0
E0,31/10/2015,Newcastle,Stoke,0,0,D,0.33,0.67,0.44,0.67,0,0,1.2,2.2,0.9,1.2,2.2,1.8,1.0,1.0,2.33,3.67,0.67,0.67,3.0,2.0,0.67,0.67
E0,31/10/2015,Swansea,Arsenal,0,3,A,0.44,1.0,0.22,0.67,0,0,1.2,1.2,1.8,0.8,1.2,0.8,2.2,1.0,1.33,1.33,2.67,0.33,0.67,1.0,2.67,1.33
E0,31/10/2015,Watford,West Ham,2,0,H,0.44,0.78,0.33,0.78,1,0,0.8,1.0,2.2,1.3,0.2,0.8,2.4,0.8,1.0,1.33,2.33,1.33,0.33,1.33,2.33,1.33
E0,31/10/2015,West Brom,Leicester,2,3,A,0.67,0.78,0.44,0.56,0,0,0.8,1.1,2.0,1.7,1.0,1.8,1.8,1.4,0.67,0.67,1.67,1.0,1.0,1.0,2.0,1.67
E0,01/11/2015,Everton,Sunderland,6,2,H,0.11,0.44,0.44,0.0,0,0,1.3,1.3,1.1,1.9,1.2,1.8,0.8,2.4,0.67,2.0,1.67,1.0,1.33,1.67,0.0,2.0
E0,01/11/2015,Southampton,Bournemouth,2,0,H,0.56,0.11,0.44,0.0,0,1,1.6,1.3,1.2,2.2,2.0,1.8,1.4,2.8,2.0,1.33,1.0,3.67,2.33,2.0,1.0,3.33
E0,02/11/2015,Tottenham,Aston Villa,3,1,H,0.56,0.0,0.78,0.0,0,0,1.6,0.8,0.9,1.7,1.4,0.6,1.2,2.0,2.33,1.0,0.33,1.67,1.67,0.33,1.33,2.67
E0,07/11/2015,Bournemouth,Newcastle,0,1,A,0.0,0.44,0.44,0.0,1,0,1.09,2.18,1.09,2.0,1.0,1.6,0.2,2.6,0.67,4.0,2.0,1.67,1.33,2.0,0.33,3.67
E0,07/11/2015,Leicester,Watford,2,1,H,0.78,0.67,0.67,0.78,0,1,2.09,1.73,0.91,0.91,2.2,2.0,1.4,1.2,2.0,1.33,1.33,1.0,2.0,2.33,1.67,0.67
E0,07/11/2015,Man United,West Brom,2,0,H,0.56,0.67,0.78,0.67,0,0,1.36,0.73,0.91,1.27,1.4,0.2,0.6,0.4,1.0,0.0,1.33,1.0,2.0,0.33,0.67,0.67
E0,07/11/2015,Norwich,Swansea,1,0,H,0.0,0.33,0.33,0.33,1,0,1.36,2.09,1.09,1.36,1.2,1.6,1.2,1.6,1.0,3.0,0.67,1.67,1.33,1.33,1.0,1.67
E0,07/11/2015,Stoke,Chelsea,1,0,H,0.44,0.33,0.44,0.11,0,0,0.82,1.09,1.45,2.0,0.8,1.4,1.4,2.4,0.33,0.67,1.33,1.67,1.33,1.67,1.33,2.33
E0,07/11/2015,Sunderland,Southampton,0,1,A,0.33,0.56,0.44,0.56,0,0,1.18,2.27,1.64,1.18,1.4,1.4,1.2,0.8,1.67,2.33,1.67,1.0,1.67,1.0,1.33,0.67
E0,07/11/2015,West Ham,Everton,1,1,D,0.67,0.33,0.78,0.44,0,0,2.0,1.36,1.73,1.36,2.0,1.8,1.4,0.8,1.67,1.33,2.33,2.33,2.0,1.0,1.33,1.33
E0,08/11/2015,Arsenal,Tottenham,1,1,D,1.0,0.78,1.0,0.78,0,0,1.91,0.73,1.73,0.82,1.4,0.6,1.8,1.0,2.67,0.33,2.67,0.67,2.33,0.33,2.67,1.0
E0,08/11/2015,Aston Villa,Man City,0,0,D,0.0,0.78,0.0,0.44,0,0,0.91,1.82,2.36,0.82,0.6,1.4,1.4,0.8,0.67,2.33,2.33,0.67,0.33,1.33,0.67,1.33
E0,08/11/2015,Liverpool,Crystal Palace,1,2,A,0.56,0.11,0.56,0.33,0,0,1.09,1.09,1.09,1.0,1.2,1.4,1.2,0.8,1.33,0.67,0.33,1.33,1.67,1.33,0.33,0.67
E0,21/11/2015,Chelsea,Norwich,1,0,H,0.0,0.33,0.33,0.11,0,1,1.33,1.92,1.33,1.92,1.5,1.67,1.5,2.5,0.67,2.0,0.67,1.0,1.33,2.0,1.67,3.33
E0,21/11/2015,Everton,Aston Villa,4,0,H,0.44,0.11,0.44,0.0,0,0,1.67,1.33,0.83,1.67,2.0,1.83,1.17,2.17,2.67,1.67,0.67,1.67,2.33,2.0,1.0,2.67
E0,21/11/2015,Man City,Liverpool,1,4,A,0.56,0.44,1.0,0.56,0,0,2.17,0.75,1.08,1.17,3.17,0.83,1.0,0.83,0.67,0.33,1.67,1.33,4.33,1.0,1.33,0.67
E0,21/11/2015,Newcastle,Leicester,0,3,A,0.44,1.0,0.56,0.78,0,0,1.08,1.83,2.08,1.67,1.83,1.5,2.0,1.5,0.33,1.0,2.0,1.0,2.67,1.33,2.33,1.67
E0,21/11/2015,Southampton,Stoke,0,1,A,0.78,0.44,0.78,0.78,0,0,1.58,1.08,0.83,1.0,2.0,1.5,0.83,0.83,1.33,0.33,0.33,0.67,2.33,1.0,0.67,0.0
E0,21/11/2015,Swansea,Bournemouth,2,2,D,0.33,0.0,0.11,0.0,0,1,1.0,1.33,1.0,2.08,1.0,1.17,1.17,2.67,0.67,1.67,0.33,2.67,0.67,2.0,0.67,3.0
E0,21/11/2015,Watford,Man United,1,2,A,0.67,0.56,0.33,0.44,1,0,0.92,1.0,1.42,0.67,0.5,0.67,1.33,1.17,1.67,0.67,0.67,0.0,0.67,1.33,1.0,1.0
E0,21/11/2015,West Brom,Arsenal,2,1,H,0.33,0.78,0.33,1.0,0,0,0.83,1.33,1.83,0.75,1.17,2.0,2.33,0.83,1.0,1.67,2.0,0.67,1.67,2.0,3.67,0.67
E0,22/11/2015,Tottenham,West Ham,4,1,H,0.78,0.44,0.78,0.44,0,0,1.67,0.83,1.92,1.33,1.67,0.67,2.0,1.0,3.0,1.0,1.0,1.33,2.33,0.67,1.67,1.67
E0,23/11/2015,Crystal Palace,Sunderland,0,1,A,0.44,0.33,0.44,0.0,0,0,1.17,1.0,1.08,2.17,1.0,1.17,1.0,3.0,0.67,0.67,1.67,2.33,1.0,1.0,0.67,3.33
E0,28/11/2015,Aston Villa,Watford,2,3,A,0.11,0.33,0.11,0.44,0,1,0.77,1.85,0.92,1.08,0.5,1.17,1.33,1.33,0.33,2.33,1.33,1.33,0.33,1.0,1.33,1.0
E0,28/11/2015,Bournemouth,Everton,3,3,D,0.11,0.78,0.11,0.44,1,0,1.08,2.08,1.85,1.23,0.83,1.5,1.33,0.83,0.67,1.67,3.67,1.0,0.67,2.33,1.67,1.67
E0,28/11/2015,Crystal Palace,Newcastle,5,1,H,0.44,0.44,0.11,0.33,0,0,1.08,1.0,1.0,1.92,0.86,1.14,0.33,2.17,0.67,0.67,0.33,1.0,0.33,1.33,0.67,3.0
E0,28/11/2015,Leicester,Man United,1,1,D,1.0,0.78,0.67,0.78,0,0,2.15,1.54,1.46,0.69,2.17,1.83,1.43,1.14,2.67,1.0,1.33,0.33,1.67,2.0,1.67,0.33
E0,28/11/2015,Man City,Southampton,3,1,H,0.44,0.67,0.67,0.78,0,0,2.08,1.0,1.46,1.08,2.86,1.29,1.17,0.67,1.0,1.67,1.0,0.33,2.67,2.0,1.67,0.67
E0,28/11/2015,Sunderland,Stoke,2,0,H,0.33,0.78,0.44,0.78,0,0,1.08,2.0,0.85,0.92,1.17,1.33,0.86,0.71,1.0,2.33,0.67,0.0,1.67,1.0,0.67,0.0
E0,29/11/2015,Liverpool,Swansea,1,0,H,0.67,0.11,0.44,0.33,0,0,1.31,1.15,1.08,1.38,1.17,1.5,1.0,1.5,2.67,1.33,0.67,2.0,1.67,1.67,1.0,1.67
E0,29/11/2015,Norwich,Arsenal,1,1,D,0.33,0.44,0.33,0.67,1,0,1.23,1.85,1.77,0.85,1.17,1.33,2.14,1.0,0.67,1.0,1.67,1.0,0.67,1.0,2.33,0.67
E0,29/11/2015,Tottenham,Chelsea,0,0,D,0.78,0.33,0.78,0.11,0,0,1.85,0.85,1.31,1.77,2.0,0.71,1.17,2.17,2.67,1.0,0.67,1.33,2.33,0.67,1.0,1.67
E0,29/11/2015,West Ham,West Brom,1,1,D,0.11,0.33,0.56,0.33,0,0,1.85,1.54,0.92,1.31,1.83,1.67,0.5,0.67,0.67,2.33,1.33,2.0,1.67,1.33,0.33,1.33
E0,05/12/2015,Arsenal,Sunderland,3,1,H,0.22,0.67,0.78,0.33,0,0,1.71,0.86,1.14,1.86,1.33,0.67,1.0,2.57,1.0,1.33,1.0,0.33,2.0,0.67,1.0,2.33
E0,05/12/2015,Chelsea,Bournemouth,0,1,A,0.44,0.22,0.67,0.11,0,1,1.21,1.64,1.21,2.14,1.43,1.43,1.29,2.57,0.33,0.33,1.67,2.0,1.33,1.0,1.0,3.0
E0,05/12/2015,Man United,West Ham,0,0,D,0.78,0.22,0.78,0.33,0,0,1.43,0.71,1.79,1.5,1.5,0.17,1.86,1.43,1.67,0.67,1.0,2.0,1.67,0.0,1.33,2.33
E0,05/12/2015,Southampton,Aston Villa,1,1,D,0.33,0.11,0.44,0.0,0,0,1.43,1.21,0.86,1.93,1.71,1.43,1.0,2.43,0.67,1.33,0.67,2.33,1.33,1.0,0.33,3.0
E0,05/12/2015,Stoke,Man City,2,0,H,0.67,0.44,0.67,0.22,0,0,0.79,1.0,2.14,1.0,0.83,1.17,1.17,0.67,0.67,0.67,1.33,1.67,1.0,1.0,0.33,1.33
E0,05/12/2015,Swansea,Leicester,0,3,A,0.11,0.78,0.11,0.78,0,0,1.0,1.36,2.07,1.5,1.14,1.29,2.14,1.29,0.67,1.33,2.0,0.67,0.67,2.0,2.67,1.33
E0,05/12/2015,Watford,Norwich,2,0,H,0.33,0.44,0.33,0.0,1,1,1.07,1.14,1.21,1.79,0.57,0.86,1.29,2.29,1.67,2.0,0.67,0.67,1.0,1.67,1.0,3.0
E0,05/12/2015,West Brom,Tottenham,1,1,D,0.44,0.56,0.67,0.56,0,0,0.93,1.29,1.71,0.79,1.29,1.86,1.67,1.0,1.0,1.33,1.67,0.67,1.67,1.33,2.67,1.33
E0,06/12/2015,Newcastle,Liverpool,2,0,H,0.33,0.67,0.44,0.78,0,0,1.0,2.14,1.29,1.07,1.57,1.71,1.43,0.86,0.67,2.67,2.0,1.0,2.0,1.67,2.33,0.67
E0,07/12/2015,Everton,Crystal Palace,1,1,D,0.56,0.67,0.67,0.67,0,0,1.93,1.36,1.36,1.0,2.29,1.57,1.33,0.83,2.67,1.33,2.33,1.0,3.33,1.67,1.0,0.67
E0,12/12/2015,Bournemouth,Man United,2,1,H,0.56,0.56,0.11,0.56,1,0,1.2,2.0,1.33,0.67,1.14,1.71,1.38,1.12,2.0,1.67,1.0,0.67,1.33,3.0,1.0,0.67
E0,12/12/2015,Crystal Palace,Southampton,1,0,H,0.44,0.11,0.44,0.44,0,0,1.33,1.0,1.4,1.2,1.38,1.12,1.14,1.0,2.0,1.0,0.67,1.67,1.67,0.67,1.0,1.33
E0,12/12/2015,Man City,Swansea,2,1,H,0.33,0.11,0.67,0.33,0,0,2.0,1.07,0.93,1.47,2.88,1.25,0.86,1.43,1.33,2.33,0.67,2.0,2.0,2.0,0.67,1.0
E0,12/12/2015,Norwich,Everton,1,1,D,0.11,0.56,0.44,0.22,1,0,1.13,1.8,1.87,1.33,1.14,1.29,1.57,1.14,0.33,1.33,2.67,1.33,0.67,0.67,1.67,2.0
E0,12/12/2015,Sunderland,Watford,0,1,A,0.67,0.67,0.67,0.67,0,1,1.13,1.93,1.13,1.07,1.29,1.14,1.57,1.43,1.33,1.0,2.0,1.33,1.67,0.33,2.0,1.33
E0,12/12/2015,West Ham,Stoke,0,0,D,0.22,0.67,0.56,0.44,0,0,1.67,1.4,0.87,0.93,1.71,1.57,0.75,0.88,0.67,1.67,1.0,0.67,1.33,1.0,0.33,0.67
E0,13/12/2015,Aston Villa,Arsenal,0,2,A,0.11,0.44,0.11,0.44,0,0,0.87,1.87,1.8,0.87,0.71,1.43,2.0,1.0,1.0,2.67,1.67,1.33,1.0,1.67,1.67,1.0
E0,13/12/2015,Liverpool,West Brom,2,2,D,0.67,0.56,0.44,0.44,0,0,1.2,1.13,0.93,1.27,1.14,1.29,0.57,0.71,1.67,1.0,1.33,1.0,1.0,1.0,0.67,1.0
E0,13/12/2015,Tottenham,Newcastle,1,2,A,0.56,0.33,0.78,0.33,0,0,1.67,0.8,1.07,2.0,1.75,0.62,0.43,2.57,1.67,0.67,1.0,2.67,2.33,0.67,0.67,2.67
E0,14/12/2015,Leicester,Chelsea,2,1,H,0.78,0.44,0.78,0.11,0,0,2.13,1.4,1.13,1.6,2.0,1.71,1.0,1.86,2.33,0.33,0.33,0.33,1.33,0.67,0.33,1.0
E0,19/12/2015,Chelsea,Sunderland,3,1,H,0.11,0.33,0.33,0.33,0,0,1.12,1.62,1.06,1.88,1.25,1.38,1.0,2.62,0.33,1.0,1.0,1.33,0.67,1.33,1.33,3.0
E0,19/12/2015,Everton,Leicester,2,3,A,0.33,0.78,0.78,1.0,0,0,1.81,1.31,2.12,1.38,2.12,1.5,2.25,1.12,1.67,1.67,2.0,0.67,3.67,1.0,3.0,0.67
E0,19/12/2015,Man United,Norwich,1,2,A,0.22,0.22,0.56,0.0,0,1,1.31,0.75,1.12,1.75,1.29,0.14,1.12,2.25,0.67,1.0,0.67,1.33,0.67,0.0,0.33,1.67
E0,19/12/2015,Newcastle,Aston Villa,1,1,D,0.67,0.11,0.44,0.11,0,0,1.12,1.94,0.81,1.88,1.62,1.5,1.0,2.25,1.67,2.0,1.0,2.0,0.67,1.0,0.67,2.67
E0,19/12/2015,Southampton,Tottenham,0,2,A,0.11,0.22,0.44,0.56,0,0,1.31,1.19,1.62,0.88,1.62,1.38,1.57,1.0,0.67,1.67,0.67,1.0,1.0,0.67,2.33,1.0
E0,19/12/2015,Stoke,Crystal Palace,1,2,A,0.44,0.78,0.67,0.44,0,0,0.81,0.88,1.31,0.94,1.0,1.0,1.29,0.86,0.67,0.67,2.33,0.67,1.0,0.67,1.0,1.0
E0,19/12/2015,West Brom,Bournemouth,1,2,A,0.33,0.78,0.44,0.44,0,1,1.0,1.31,1.25,1.94,1.25,1.75,1.25,2.25,1.33,1.33,2.0,1.33,1.67,1.67,1.0,1.33
E0,20/12/2015,Swansea,West Ham,0,0,D,0.0,0.33,0.11,0.11,0,0,0.94,1.5,1.56,1.31,1.0,1.5,1.62,1.25,0.33,2.0,0.33,0.33,0.67,2.67,0.33,2.0
E0,20/12/2015,Watford,Liverpool,3,0,H,1.0,0.44,0.67,0.67,1,0,1.12,1.0,1.25,1.19,0.75,0.75,1.25,1.0,2.0,0.67,1.0,1.33,1.67,0.67,2.33,1.33
E0,21/12/2015,Arsenal,Man City,2,1,H,0.78,0.67,0.78,0.22,0,0,1.81,0.81,2.0,1.06,1.57,0.71,1.0,0.86,2.0,0.67,1.67,1.33,2.0,1.0,0.0,0.67
E0,26/12/2015,Aston Villa,West Ham,1,1,D,0.22,0.33,0.11,0.22,0,0,0.82,1.82,1.47,1.24,0.62,1.5,1.44,1.11,0.67,1.33,0.0,0.0,0.67,1.67,0.33,1.33
E0,26/12/2015,Bournemouth,Crystal Palace,0,0,D,1.0,0.78,0.44,0.78,1,0,1.29,1.88,1.35,0.94,1.25,1.62,1.38,0.88,1.67,0.67,1.33,0.67,1.67,1.67,1.67,1.0
E0,26/12/2015,Chelsea,Watford,2,2,D,0.33,1.0,0.67,0.67,0,1,1.24,1.59,1.24,0.94,1.44,1.33,1.5,1.25,1.33,1.33,2.0,0.0,1.33,0.67,1.67,1.33
E0,26/12/2015,Liverpool,Leicester,1,0,H,0.11,1.0,0.44,1.0,0,0,1.18,1.29,2.18,1.41,1.25,1.38,2.33,1.22,0.67,2.33,2.67,1.0,1.33,1.33,3.0,0.67
E0,26/12/2015,Man City,Sunderland,4,1,H,0.33,0.0,0.67,0.33,0,0,1.94,1.12,1.06,1.94,2.78,1.22,1.0,2.67,1.0,1.67,0.67,2.33,2.0,2.0,1.0,2.0
E0,26/12/2015,Newcastle,Everton,0,1,A,0.78,0.22,0.44,0.33,0,0,1.12,1.88,1.82,1.41,1.56,1.44,1.5,1.12,1.67,0.67,1.33,1.67,1.0,1.33,1.67,1.67
E0,26/12/2015,Southampton,Arsenal,4,0,H,0.11,1.0,0.11,0.44,0,0,1.24,1.24,1.82,0.82,1.44,1.44,2.0,0.89,0.33,1.33,2.33,0.67,0.33,1.33,1.33,1.0
E0,26/12/2015,Stoke,Man United,2,0,H,0.44,0.11,0.67,0.44,0,0,0.82,0.94,1.29,0.82,1.0,1.12,1.33,1.22,1.0,0.67,0.67,1.33,1.33,0.67,1.33,1.33
E0,26/12/2015,Swansea,West Brom,1,0,H,0.11,0.22,0.22,0.22,0,0,0.88,1.41,1.0,1.35,0.89,1.33,0.75,0.88,0.33,1.67,1.33,1.67,0.67,1.67,1.0,1.67
E0,26/12/2015,Tottenham,Norwich,3,0,H,0.44,0.44,0.44,0.33,0,1,1.65,0.82,1.18,1.71,1.67,0.78,1.22,2.11,1.33,1.0,1.0,1.33,1.67,1.0,0.67,1.33
E0,28/12/2015,Arsenal,Bournemouth,2,0,H,0.67,0.78,0.78,0.78,0,1,1.72,1.0,1.22,1.78,1.62,0.75,1.33,2.11,1.33,1.67,1.33,0.67,2.0,1.0,1.67,1.0
E0,28/12/2015,Crystal Palace,Swansea,0,0,D,0.78,0.44,0.67,0.0,0,0,1.28,0.89,0.89,1.33,1.33,1.0,0.88,1.5,1.0,0.33,0.67,0.67,2.0,0.67,0.33,1.33
E0,28/12/2015,Everton,Stoke,3,4,A,0.44,0.44,0.44,0.44,0,0,1.78,1.33,0.89,0.89,2.11,1.67,0.67,0.78,1.33,1.33,1.0,0.67,2.33,1.33,0.33,0.67
E0,28/12/2015,Man United,Chelsea,0,0,D,0.0,0.44,0.44,0.11,0,0,1.22,0.89,1.28,1.61,1.25,0.38,1.0,1.88,0.67,2.0,2.0,1.67,1.0,0.67,0.33,1.0
E0,28/12/2015,Norwich,Aston Villa,2,0,H,0.44,0.22,0.56,0.22,1,0,1.11,1.78,0.83,1.78,1.12,1.25,1.0,2.11,1.0,1.67,0.67,1.33,1.0,0.67,0.67,2.0
E0,28/12/2015,Watford,Tottenham,1,2,A,0.78,0.67,0.67,0.56,1,0,1.28,1.0,1.72,0.78,1.0,0.67,1.62,0.88,2.0,0.67,2.0,0.67,2.0,0.67,1.33,0.67
E0,28/12/2015,West Brom,Newcastle,1,0,H,0.11,0.44,0.44,0.67,0,0,0.94,1.33,1.06,1.83,1.22,1.78,0.62,2.38,1.0,1.67,1.0,1.0,1.33,1.33,1.33,2.0
E0,28/12/2015,West Ham,Southampton,2,1,H,0.33,0.33,0.33,0.33,0,0,1.44,1.22,1.39,1.17,1.5,1.38,1.0,1.0,0.33,0.33,1.33,1.0,0.67,0.67,0.67,1.33
E0,29/12/2015,Leicester,Man City,0,0,D,0.67,0.67,0.78,0.11,0,0,2.06,1.39,2.06,1.11,2.0,1.62,1.0,1.0,1.67,1.33,2.33,1.33,1.67,1.0,0.33,1.33
E0,30/12/2015,Sunderland,Liverpool,0,1,A,0.0,0.44,0.33,0.33,0,0,1.06,2.06,1.17,1.22,1.12,1.12,1.11,1.22,0.67,2.67,1.0,1.67,0.67,0.67,1.33,2.0
E0,02/01/2016,Arsenal,Newcastle,1,0,H,0.67,0.11,1.0,0.33,0,0,1.74,0.95,1.0,1.79,1.67,0.67,0.56,2.22,1.33,1.67,0.33,1.0,2.33,0.67,1.0,2.33
E0,02/01/2016,Leicester,Bournemouth,0,0,D,0.44,0.44,0.56,0.67,0,1,1.95,1.32,1.16,1.79,1.78,1.44,1.2,2.1,1.0,1.0,0.67,1.0,1.0,0.67,1.0,1.0
E0,02/01/2016,Man United,Swansea,2,1,H,0.11,0.56,0.22,0.11,0,0,1.16,0.84,0.84,1.26,1.11,0.33,0.78,1.33,0.33,1.33,0.33,0.0,0.33,0.67,0.33,1.0
E0,02/01/2016,Norwich,Southampton,1,0,H,0.67,0.33,0.56,0.0,1,0,1.16,1.68,1.37,1.21,1.22,1.11,1.0,1.11,1.33,1.33,1.67,1.33,1.33,0.67,0.67,2.0
E0,02/01/2016,Sunderland,Aston Villa,3,1,H,0.0,0.22,0.33,0.22,0,0,1.0,2.0,0.79,1.79,1.0,1.11,0.9,2.1,0.67,2.67,0.67,1.33,0.67,0.67,0.67,1.33
E0,02/01/2016,Watford,Man City,1,2,A,0.44,0.44,0.67,0.11,1,0,1.26,1.05,1.95,1.05,1.0,0.8,0.89,0.89,2.0,1.33,1.67,1.0,2.0,0.67,0.33,1.33
E0,02/01/2016,West Brom,Stoke,2,1,H,0.33,0.67,0.44,0.44,0,0,0.95,1.26,1.05,1.0,1.2,1.6,1.0,1.0,0.67,1.0,2.33,1.67,1.0,1.0,1.33,1.67
E0,02/01/2016,West Ham,Liverpool,2,0,H,0.56,0.67,0.56,0.33,0,0,1.47,1.21,1.16,1.16,1.56,1.33,1.1,1.1,1.0,0.67,0.67,1.0,1.0,0.67,0.33,1.67
E0,03/01/2016,Crystal Palace,Chelsea,0,3,A,0.56,0.56,0.78,0.22,0,0,1.21,0.84,1.21,1.53,1.2,0.9,0.89,1.67,0.67,0.33,1.67,1.0,2.0,0.33,0.33,0.67
E0,03/01/2016,Everton,Tottenham,1,1,D,0.33,1.0,0.11,0.78,0,0,1.84,1.47,1.74,0.79,2.2,1.9,1.67,0.89,2.0,2.33,2.33,0.33,2.0,2.67,1.67,0.67
E0,12/01/2016,Aston Villa,Crystal Palace,1,0,H,0.11,0.22,0.11,0.56,0,0,0.8,1.85,1.15,0.95,0.67,1.44,1.22,0.78,0.67,2.0,0.0,1.0,1.0,2.0,1.0,0.67
E0,12/01/2016,Bournemouth,West Ham,1,3,A,0.22,0.78,0.56,0.33,1,0,1.1,1.7,1.5,1.15,1.11,1.44,1.4,1.1,0.0,0.67,1.67,0.67,1.67,1.33,0.33,0.33
E0,12/01/2016,Newcastle,Man United,3,3,D,0.0,0.44,0.44,0.11,0,0,0.95,1.75,1.2,0.85,1.4,1.4,1.2,1.3,0.0,1.0,0.67,1.0,1.0,0.67,0.67,1.67
E0,13/01/2016,Chelsea,West Brom,2,2,D,0.56,0.67,0.44,0.22,0,0,1.3,1.45,1.0,1.25,1.5,1.4,0.67,0.89,1.67,0.67,1.0,0.67,1.67,1.33,1.0,1.33
E0,13/01/2016,Liverpool,Arsenal,3,3,D,0.67,0.67,0.78,0.44,0,0,1.1,1.2,1.7,0.9,1.22,1.22,1.8,1.2,0.67,0.67,1.0,1.33,1.33,0.67,1.0,1.67
E0,13/01/2016,Man City,Everton,0,0,D,0.78,0.44,1.0,0.56,0,0,1.95,1.05,1.8,1.45,2.9,1.2,1.44,1.0,2.0,0.67,1.67,1.67,3.0,1.0,1.67,1.33
E0,13/01/2016,Southampton,Watford,2,0,H,0.33,0.11,0.44,0.78,0,1,1.3,1.2,1.25,1.1,1.7,1.3,1.56,1.33,1.67,1.0,1.33,2.0,1.67,1.0,2.0,1.33
E0,13/01/2016,Stoke,Norwich,3,1,H,0.67,0.67,0.67,0.33,0,1,1.05,1.05,1.15,1.6,1.11,1.0,1.1,2.2,2.33,1.67,1.0,1.0,1.67,0.67,0.67,2.0
E0,13/01/2016,Swansea,Sunderland,2,4,A,0.44,0.33,0.44,0.0,0,0,0.85,1.3,1.1,1.95,0.9,1.2,1.0,2.8,0.67,0.67,1.33,2.0,0.33,1.0,1.0,3.33
E0,13/01/2016,Tottenham,Leicester,0,1,A,0.78,0.22,0.44,0.67,0,0,1.7,0.8,1.85,1.25,1.8,0.7,2.1,1.2,2.0,0.67,0.0,0.33,1.33,0.67,2.0,1.0
E0,16/01/2016,Aston Villa,Leicester,1,1,D,0.33,0.56,0.44,0.67,0,0,0.81,1.76,1.81,1.19,0.7,1.3,2.0,1.09,0.67,1.67,0.33,0.0,0.67,1.0,1.33,1.0
E0,16/01/2016,Bournemouth,Norwich,3,0,H,0.11,0.67,0.44,0.33,1,1,1.1,1.76,1.14,1.67,1.1,1.6,1.09,2.27,0.33,1.67,1.33,1.0,1.0,1.33,1.0,2.33
E0,16/01/2016,Chelsea,Everton,3,3,D,0.56,0.22,0.56,0.56,0,0,1.33,1.48,1.71,1.38,1.55,1.45,1.3,0.9,1.67,0.67,1.33,1.67,2.33,1.67,0.67,0.33
E0,16/01/2016,Man City,Crystal Palace,4,0,H,0.56,0.11,0.78,0.44,0,0,1.86,1.0,1.1,0.95,2.64,1.09,1.1,0.8,0.67,0.33,0.0,1.33,2.0,0.67,0.67,0.67
E0,16/01/2016,Newcastle,West Ham,2,1,H,0.11,1.0,0.22,0.56,0,0,1.05,1.81,1.57,1.14,1.55,1.55,1.55,1.09,1.0,1.67,2.33,0.67,1.33,1.67,1.33,0.67
E0,16/01/2016,Southampton,West Brom,3,0,H,0.33,0.78,0.67,0.22,0,0,1.33,1.14,1.05,1.29,1.73,1.18,0.8,1.0,1.0,1.0,1.67,1.0,2.0,0.67,1.33,1.67
E0,16/01/2016,Tottenham,Sunderland,4,1,H,0.44,0.67,0.33,0.33,0,0,1.62,0.81,1.24,1.95,1.64,0.73,1.27,2.73,1.0,1.0,2.33,1.33,1.33,1.0,2.0,3.0
E0,17/01/2016,Liverpool,Man United,0,1,A,0.44,0.56,0.56,0.11,0,0,1.19,1.29,1.29,0.95,1.4,1.4,1.36,1.45,1.33,1.67,1.67,1.33,2.0,1.67,1.33,2.33
E0,17/01/2016,Stoke,Arsenal,0,0,D,0.67,0.78,0.67,0.44,0,0,1.14,1.05,1.76,1.0,1.3,1.0,1.91,1.36,2.67,2.0,2.0,1.0,2.0,1.0,1.67,2.33
E0,18/01/2016,Swansea,Watford,1,0,H,0.11,0.0,0.44,0.44,0,1,0.9,1.43,1.19,1.14,1.0,1.45,1.4,1.4,1.0,2.0,0.67,2.0,1.0,1.33,1.0,1.33
E0,23/01/2016,Crystal Palace,Tottenham,1,3,A,0.0,0.44,0.44,0.78,0,0,1.05,1.09,1.73,0.82,1.09,1.09,1.6,0.9,0.0,2.67,1.67,1.0,0.33,1.0,1.67,0.67
E0,23/01/2016,Leicester,Stoke,3,0,H,0.56,0.44,0.56,0.44,0,0,1.77,1.18,1.09,1.0,1.6,1.3,1.0,1.09,0.67,0.33,1.33,1.0,0.67,0.33,1.67,1.67
E0,23/01/2016,Man United,Southampton,0,1,A,0.78,0.67,0.44,0.0,0,0,1.27,0.91,1.41,1.09,1.2,0.4,0.9,1.1,2.0,1.33,1.67,0.33,1.0,1.0,0.33,1.33
E0,23/01/2016,Norwich,Liverpool,4,5,A,0.33,0.11,0.78,0.33,1,0,1.09,1.73,1.14,1.27,1.2,1.0,1.0,1.18,0.67,2.0,1.0,2.0,1.33,0.33,0.33,1.67
E0,23/01/2016,Sunderland,Bournemouth,1,1,D,0.67,0.44,0.33,0.44,0,1,1.23,2.05,1.18,1.68,1.2,1.1,1.09,1.91,2.67,2.33,1.33,1.0,1.0,1.0,0.67,1.0
E0,23/01/2016,Watford,Newcastle,2,1,H,0.0,0.44,0.33,0.33,1,0,1.14,1.14,1.09,1.77,1.0,0.91,0.5,2.1,0.33,1.67,1.67,1.67,1.67,1.33,0.67,1.0
E0,23/01/2016,West Brom,Aston Villa,0,0,D,0.44,0.44,0.67,0.11,0,0,1.0,1.36,0.82,1.73,1.27,1.55,0.91,2.18,1.33,2.0,1.0,1.33,1.33,1.0,0.67,2.0
E0,23/01/2016,West Ham,Man City,2,2,D,0.67,0.78,0.78,0.44,0,0,1.55,1.18,1.95,0.95,1.6,1.2,1.0,0.9,2.0,1.0,2.0,0.33,1.33,0.33,1.0,1.0
E0,24/01/2016,Arsenal,Chelsea,0,1,A,0.56,0.56,1.0,0.44,0,0,1.68,0.95,1.41,1.55,1.6,0.6,1.1,1.5,1.33,1.0,2.67,1.67,1.67,0.33,1.33,0.67
E0,24/01/2016,Everton,Swansea,1,2,A,0.33,0.33,0.11,0.11,0,0,1.77,1.45,0.91,1.36,2.09,1.82,0.8,1.4,1.33,1.33,1.33,2.0,2.0,2.67,0.67,1.33
E0,02/02/2016,Arsenal,Southampton,0,0,D,0.22,1.0,0.67,0.33,0,0,1.61,0.96,1.39,1.04,1.45,0.64,0.91,1.0,1.0,1.33,2.0,0.0,1.0,0.33,0.67,1.0
E0,02/02/2016,Crystal Palace,Bournemouth,1,2,A,0.0,0.44,0.11,0.22,0,1,1.04,1.17,1.17,1.65,1.08,1.25,1.08,1.83,0.33,2.67,1.67,1.33,0.33,2.0,0.33,1.0
E0,02/02/2016,Leicester,Liverpool,2,0,H,0.78,0.44,0.56,0.67,0,0,1.83,1.13,1.3,1.39,1.73,1.18,1.33,1.42,1.67,0.33,2.67,2.67,1.0,0.0,2.0,2.0
E0,02/02/2016,Man United,Stoke,3,0,H,0.44,0.44,0.44,0.33,0,0,1.22,0.91,1.04,1.09,1.09,0.45,0.92,1.25,1.33,1.33,1.0,1.33,0.67,0.67,1.67,2.67
E0,02/02/2016,Norwich,Tottenham,0,3,A,0.0,0.67,0.67,0.78,1,0,1.22,1.87,1.78,0.83,1.45,1.36,1.73,0.91,1.67,3.67,2.33,1.0,2.33,1.67,2.0,1.0
E0,02/02/2016,Sunderland,Man City,0,1,A,0.44,0.56,0.44,0.56,0,0,1.22,2.0,1.96,1.0,1.18,1.09,1.09,1.0,2.0,2.33,2.0,0.67,1.33,1.0,1.33,1.0
E0,02/02/2016,West Brom,Swansea,1,1,D,0.22,0.67,0.78,0.44,0,0,0.96,1.3,0.96,1.35,1.17,1.42,0.91,1.36,0.67,1.67,1.67,1.67,1.0,0.33,1.0,1.0
E0,02/02/2016,West Ham,Aston Villa,2,0,H,0.44,0.56,0.78,0.11,0,0,1.57,1.22,0.78,1.65,1.64,1.27,0.83,2.0,2.0,1.67,0.67,0.33,2.0,1.0,0.33,1.67
E0,03/02/2016,Everton,Newcastle,3,0,H,0.22,0.44,0.11,0.0,0,0,1.74,1.48,1.09,1.78,2.0,1.83,0.55,2.09,1.33,1.67,2.0,2.0,1.67,2.33,0.33,1.33
E0,03/02/2016,Watford,Chelsea,0,0,D,0.33,0.56,0.33,0.78,1,0,1.17,1.13,1.39,1.48,1.08,0.92,1.09,1.36,0.67,1.33,2.0,1.67,1.33,1.67,1.33,0.0
E0,06/02/2016,Aston Villa,Norwich,2,0,H,0.22,0.0,0.56,0.0,0,1,0.75,1.67,1.17,1.92,0.73,1.27,1.0,2.33,0.33,1.0,1.33,3.67,1.0,0.67,0.33,3.0
E0,06/02/2016,Liverpool,Sunderland,2,2,D,0.33,0.11,0.44,0.33,0,0,1.25,1.42,1.17,1.96,1.27,1.36,1.25,2.83,1.67,2.33,0.67,2.0,1.33,1.33,2.0,3.33
E0,06/02/2016,Man City,Leicester,1,3,A,0.78,0.78,0.78,0.44,0,0,1.92,0.96,1.83,1.08,2.75,1.0,1.92,1.08,2.33,0.67,2.0,0.33,2.67,0.33,0.67,0.67
E0,06/02/2016,Newcastle,West Brom,1,0,H,0.33,0.22,0.44,0.11,0,0,1.04,1.83,0.96,1.29,1.58,1.5,0.73,1.18,1.0,2.0,0.33,1.33,1.67,1.67,0.67,2.0
E0,06/02/2016,Southampton,West Ham,1,0,H,0.78,0.44,1.0,0.44,0,0,1.33,1.0,1.58,1.17,1.83,1.08,1.5,1.17,1.33,0.0,1.67,1.33,3.0,0.0,1.67,1.33
E0,06/02/2016,Stoke,Everton,0,3,A,0.11,0.44,0.78,0.56,0,0,1.0,1.17,1.79,1.42,1.18,0.91,1.45,1.09,0.0,2.0,2.33,1.67,1.67,0.33,1.33,1.0
E0,06/02/2016,Swansea,Crystal Palace,1,1,D,0.78,0.0,0.67,0.11,0,0,0.96,1.33,1.04,1.21,1.0,1.33,1.0,1.09,1.33,0.67,0.67,3.0,1.33,1.33,0.0,1.67
E0,06/02/2016,Tottenham,Watford,1,0,H,1.0,0.44,0.67,0.11,0,1,1.83,0.79,1.12,1.08,1.83,0.75,1.27,1.36,3.33,0.67,0.67,0.67,2.33,0.67,0.67,1.67
E0,07/02/2016,Bournemouth,Arsenal,0,2,A,0.78,0.22,0.44,0.22,1,0,1.21,1.62,1.54,0.92,1.27,1.45,1.75,1.25,2.0,0.67,0.0,0.33,1.33,1.0,1.0,2.33
E0,07/02/2016,Chelsea,Man United,1,1,D,0.56,0.67,0.33,0.44,0,0,1.33,1.42,1.29,0.88,1.67,1.58,1.33,1.33,1.33,1.0,1.33,0.33,2.33,2.33,1.33,1.67
E0,13/02/2016,Bournemouth,Stoke,1,3,A,0.44,0.0,0.33,0.0,1,0,1.16,1.64,0.96,1.24,1.17,1.5,0.85,1.38,1.0,1.33,0.0,3.0,1.33,1.67,0.33,2.67
E0,13/02/2016,Chelsea,Newcastle,5,1,H,0.56,0.33,0.33,0.0,0,0,1.32,1.4,1.04,1.76,1.62,1.54,0.5,2.17,0.67,0.33,0.67,1.67,2.0,2.0,0.33,2.0
E0,13/02/2016,Crystal Palace,Watford,1,2,A,0.11,0.44,0.0,0.0,0,1,1.04,1.2,1.08,1.08,1.08,1.31,1.17,1.33,1.0,2.0,0.67,0.67,0.67,2.67,0.0,1.33
E0,13/02/2016,Everton,West Brom,0,1,A,0.67,0.22,0.44,0.11,0,0,1.84,1.36,0.92,1.28,2.08,1.69,0.67,1.17,2.33,0.67,0.33,0.67,1.67,1.0,0.67,2.0
E0,13/02/2016,Norwich,West Ham,2,2,D,0.0,0.44,0.33,0.33,1,0,1.12,1.92,1.52,1.16,1.33,1.5,1.38,1.15,1.33,3.33,1.33,1.0,1.67,2.67,1.33,1.33
E0,13/02/2016,Sunderland,Man United,2,1,H,0.22,0.44,0.44,0.56,0,0,1.2,1.96,1.28,0.88,1.08,1.08,1.31,1.31,1.0,1.33,1.33,0.67,1.33,1.0,1.67,1.33
E0,13/02/2016,Swansea,Southampton,0,1,A,0.56,0.78,0.44,0.44,0,0,0.96,1.32,1.32,0.96,1.0,1.31,0.83,0.92,1.33,1.0,0.67,0.0,1.33,1.67,0.33,0.33
E0,14/02/2016,Arsenal,Leicester,2,1,H,0.44,1.0,0.44,0.78,0,0,1.56,0.88,1.88,1.08,1.33,0.58,2.0,1.08,0.67,0.33,2.67,0.33,0.33,0.33,1.67,0.67
E0,14/02/2016,Aston Villa,Liverpool,0,6,A,0.44,0.44,0.78,0.33,0,0,0.8,1.6,1.28,1.44,0.83,1.17,1.23,1.46,0.67,0.67,2.33,2.67,1.33,0.33,1.67,2.67
E0,14/02/2016,Man City,Tottenham,1,2,A,0.44,1.0,0.44,0.78,0,0,1.88,1.04,1.8,0.76,2.62,1.15,1.83,0.83,1.33,1.67,2.33,0.33,1.67,1.0,2.33,0.67
E0,27/02/2016,Leicester,Norwich,1,0,H,0.67,0.11,0.78,0.0,0,1,1.85,1.12,1.15,1.92,1.75,1.08,0.92,2.31,2.0,1.0,0.67,2.33,1.67,0.0,0.33,2.67
E0,27/02/2016,Southampton,Chelsea,1,2,A,0.78,0.56,1.0,0.78,0,0,1.31,0.92,1.46,1.38,1.77,1.0,1.0,1.25,0.67,0.0,2.0,0.67,2.0,0.0,1.33,0.0
E0,27/02/2016,Stoke,Aston Villa,2,1,H,0.33,0.33,0.44,0.11,0,0,1.04,1.23,0.77,1.77,1.08,1.08,0.77,2.0,1.0,2.33,0.67,2.67,1.0,1.33,0.33,1.67
E0,27/02/2016,Watford,Bournemouth,0,0,D,0.44,0.33,0.44,0.56,1,1,1.12,1.08,1.15,1.69,1.0,0.85,1.15,1.77,0.67,0.67,1.0,2.0,1.0,1.0,1.0,0.67
E0,27/02/2016,West Brom,Crystal Palace,3,2,H,0.44,0.11,0.56,0.11,0,0,0.92,1.23,1.04,1.23,1.15,1.38,1.0,1.08,0.67,0.67,1.0,1.67,1.0,0.67,0.33,2.0
E0,27/02/2016,West Ham,Sunderland,1,0,H,0.44,0.44,0.78,0.44,0,0,1.54,1.19,1.23,1.92,1.67,1.17,1.31,2.77,1.33,1.0,1.33,1.33,2.0,0.67,2.33,2.67
E0,28/02/2016,Tottenham,Swansea,2,1,H,1.0,0.22,0.67,0.44,0,0,1.81,0.77,0.92,1.31,1.77,0.69,0.92,1.33,2.0,0.33,0.67,1.0,1.67,0.67,1.33,1.33
E0,28/02/2016,Man United,Arsenal,3,2,H,0.44,0.78,0.67,0.56,0,0,1.27,0.92,1.58,0.88,1.25,0.42,1.77,1.15,1.67,1.0,1.33,0.33,1.67,0.67,1.67,1.0
E0,01/03/2016,Aston Villa,Everton,1,3,A,0.33,0.67,0.44,0.56,0,0,0.78,1.78,1.77,1.35,0.77,1.54,1.58,1.0,1.0,2.67,2.0,0.33,1.0,2.33,2.0,1.0
E0,01/03/2016,Bournemouth,Southampton,2,0,H,0.11,0.67,0.33,0.78,1,0,1.11,1.63,1.3,0.96,1.15,1.62,0.85,0.85,0.33,1.67,1.0,0.67,1.33,1.67,0.67,0.0
E0,01/03/2016,Leicester,West Brom,2,2,D,0.67,0.67,1.0,0.33,0,0,1.81,1.07,1.0,1.26,1.69,1.0,0.69,1.08,1.67,1.0,1.33,1.0,2.0,0.0,0.33,1.33
E0,01/03/2016,Norwich,Chelsea,1,2,A,0.11,0.78,0.11,0.78,1,0,1.11,1.89,1.48,1.37,1.38,1.54,1.08,1.23,0.67,1.67,2.67,1.0,2.0,3.33,1.0,0.33
E0,01/03/2016,Sunderland,Crystal Palace,2,2,D,0.44,0.11,0.44,0.11,0,0,1.19,1.89,1.07,1.3,1.15,1.08,1.08,1.23,1.33,1.33,1.33,2.0,1.0,1.0,1.0,2.67
E0,02/03/2016,Arsenal,Swansea,1,2,A,0.67,0.11,0.44,0.44,0,0,1.59,0.96,0.93,1.33,1.38,0.62,0.92,1.38,2.0,1.33,0.67,1.33,0.67,0.67,1.33,1.33
E0,02/03/2016,Liverpool,Man City,3,0,H,0.44,0.33,0.22,0.78,0,0,1.46,1.38,1.85,1.08,1.33,1.42,1.08,0.92,2.67,1.33,1.0,1.67,1.67,2.0,1.67,1.0
E0,02/03/2016,Man United,Watford,1,0,H,0.44,0.44,0.67,0.33,0,1,1.33,0.96,1.07,1.04,1.38,0.54,1.23,1.31,1.67,1.67,0.67,0.67,2.0,1.0,0.67,1.0
E0,02/03/2016,Stoke,Newcastle,1,0,H,0.67,0.33,0.44,0.0,0,0,1.07,1.22,1.04,1.88,1.15,1.08,0.54,2.38,1.67,1.67,0.67,2.67,0.67,1.33,0.67,3.33
E0,02/03/2016,West Ham,Tottenham,1,0,H,0.44,1.0,0.78,1.0,0,0,1.52,1.15,1.81,0.78,1.62,1.08,1.85,0.85,1.0,1.0,1.67,0.67,1.67,0.67,2.67,0.67
E0,05/03/2016,Chelsea,Stoke,1,1,D,1.0,1.0,0.56,0.33,0,0,1.5,1.36,1.07,1.18,1.86,1.5,1.0,1.36,3.0,1.0,2.0,0.67,3.0,1.67,1.0,2.33
E0,05/03/2016,Everton,West Ham,2,3,A,0.67,0.78,0.33,0.11,0,0,1.81,1.33,1.5,1.11,1.93,1.64,1.43,1.21,2.0,0.67,1.33,0.67,1.33,1.0,1.0,1.67
E0,05/03/2016,Man City,Aston Villa,4,0,H,0.0,0.0,0.33,0.11,0,0,1.78,1.15,0.79,1.82,2.5,1.21,0.79,2.0,0.67,2.67,0.67,3.67,2.0,1.67,0.33,1.33
E0,05/03/2016,Newcastle,Bournemouth,1,3,A,0.33,0.44,0.78,0.56,0,1,1.0,1.85,1.14,1.57,1.54,1.38,1.07,1.64,0.67,2.0,1.0,1.0,2.0,1.33,1.0,0.67
E0,05/03/2016,Southampton,Sunderland,1,1,D,0.33,0.44,0.67,0.11,0,0,1.25,1.0,1.21,1.89,1.71,1.07,1.21,2.64,0.67,1.33,1.33,1.33,1.67,0.67,1.0,2.33
E0,05/03/2016,Swansea,Norwich,1,0,H,0.33,0.11,0.44,0.0,0,1,0.96,1.32,1.11,1.89,0.93,1.29,0.86,2.21,1.0,1.33,1.0,1.67,0.67,0.67,0.0,2.0
E0,05/03/2016,Tottenham,Arsenal,2,2,D,0.67,0.33,1.0,0.44,0,0,1.75,0.79,1.57,1.0,1.79,0.71,1.79,1.29,1.33,1.0,1.67,2.0,2.33,0.67,1.33,1.0
E0,05/03/2016,Watford,Leicester,0,1,A,0.44,0.44,0.56,0.44,1,0,1.04,1.04,1.82,1.11,0.93,0.79,1.93,1.14,0.67,0.67,1.33,1.33,0.67,0.33,1.67,1.33
E0,06/03/2016,Crystal Palace,Liverpool,1,2,A,0.11,0.78,0.0,0.67,0,0,1.11,1.32,1.52,1.33,1.07,1.36,1.57,1.36,1.67,2.33,3.67,0.67,1.0,2.33,3.67,2.0
E0,06/03/2016,West Brom,Man United,1,0,H,0.78,0.67,0.56,0.44,0,0,1.04,1.29,1.32,0.93,1.29,1.43,1.29,1.36,2.0,1.33,1.67,1.33,1.33,1.0,1.0,1.0
E0,12/03/2016,Bournemouth,Swansea,3,2,H,0.78,0.67,0.33,0.44,1,0,1.21,1.55,0.97,1.28,1.21,1.5,1.0,1.36,1.67,0.33,1.33,1.0,1.0,1.67,1.33,1.33
E0,12/03/2016,Norwich,Man City,0,0,D,0.0,0.33,0.11,0.44,1,0,1.07,1.86,1.86,1.11,1.36,1.57,1.0,1.08,0.33,1.33,1.67,1.67,1.0,2.33,1.0,1.67
E0,12/03/2016,Stoke,Southampton,1,2,A,0.78,0.11,0.67,0.44,0,0,1.07,1.17,1.24,1.0,1.14,1.0,0.79,0.93,1.33,0.67,0.67,1.67,1.0,1.33,0.33,0.67
E0,13/03/2016,Aston Villa,Tottenham,0,2,A,0.0,0.44,0.33,0.67,0,0,0.76,1.9,1.76,0.83,0.79,1.64,1.71,0.86,0.67,3.0,1.33,1.33,1.0,3.0,1.67,0.67
E0,14/03/2016,Leicester,Newcastle,1,0,H,0.78,0.0,0.78,0.0,0,0,1.79,1.07,1.0,1.89,1.71,1.07,0.5,2.29,1.33,0.67,0.67,3.0,1.67,0.67,0.33,3.0
E0,19/03/2016,Chelsea,West Ham,2,2,D,0.78,1.0,0.56,0.44,0,0,1.48,1.34,1.55,1.14,1.8,1.47,1.53,1.27,1.67,1.0,1.67,0.67,2.33,1.0,1.67,1.67
E0,19/03/2016,Crystal Palace,Leicester,0,1,A,0.11,0.78,0.0,0.67,0,0,1.1,1.34,1.77,1.03,1.07,1.4,1.87,1.07,1.67,2.33,1.33,0.67,1.0,2.0,1.67,1.0
E0,19/03/2016,Everton,Arsenal,0,2,A,0.33,0.11,0.33,0.44,0,0,1.82,1.39,1.59,1.03,1.93,1.73,1.8,1.33,1.67,1.67,1.67,2.33,1.67,1.33,2.0,1.67
E0,19/03/2016,Swansea,Aston Villa,1,0,H,0.67,0.0,0.44,0.0,0,0,1.0,1.33,0.73,1.9,0.93,1.2,0.73,2.13,1.67,1.33,0.33,3.0,0.67,0.67,0.33,2.67
E0,19/03/2016,Watford,Stoke,1,2,A,0.11,0.44,0.22,0.44,1,0,1.0,1.03,1.07,1.2,0.87,0.8,1.0,1.33,0.0,0.67,1.0,1.0,0.0,0.33,1.33,1.67
E0,19/03/2016,West Brom,Norwich,0,1,A,0.78,0.11,0.78,0.0,0,1,1.03,1.24,1.03,1.8,1.27,1.33,0.8,2.13,2.0,1.33,0.33,1.0,1.67,1.0,0.0,1.33
E0,20/03/2016,Man City,Man United,0,1,A,0.44,0.67,0.33,0.11,0,0,1.79,1.07,1.28,0.93,2.6,1.13,1.2,1.33,1.33,1.0,1.33,1.0,2.0,1.67,0.67,1.33
E0,20/03/2016,Newcastle,Sunderland,1,1,D,0.0,0.22,0.67,0.22,0,0,0.97,1.86,1.21,1.86,1.5,1.5,1.2,2.53,0.33,1.67,1.0,1.33,1.33,1.33,1.0,1.33
E0,20/03/2016,Southampton,Liverpool,3,2,H,0.44,1.0,0.44,0.67,0,0,1.27,1.0,1.54,1.32,1.67,1.07,1.6,1.33,1.0,1.33,3.67,0.33,1.0,1.0,2.67,1.0
E0,20/03/2016,Tottenham,Bournemouth,3,0,H,0.44,1.0,0.78,0.78,0,1,1.77,0.8,1.27,1.57,1.8,0.8,1.2,1.6,1.33,1.0,2.67,1.0,1.67,1.0,1.67,0.67
E0,02/04/2016,Arsenal,Watford,4,0,H,0.44,0.0,0.44,0.33,0,1,1.6,1.0,1.0,1.07,1.36,0.71,1.14,1.29,1.67,1.33,0.33,1.33,1.0,1.0,0.67,1.0
E0,02/04/2016,Aston Villa,Chelsea,0,4,A,0.0,0.56,0.0,0.78,0,0,0.71,1.87,1.5,1.37,0.73,1.67,1.14,1.21,0.0,2.33,1.67,1.33,0.33,3.67,1.33,0.67
E0,02/04/2016,Bournemouth,Man City,0,4,A,0.67,0.44,0.67,0.44,1,0,1.23,1.61,1.73,1.07,1.33,1.53,0.93,1.0,2.0,2.0,1.33,0.33,2.0,1.67,0.33,1.0
E0,02/04/2016,Liverpool,Tottenham,1,1,D,0.67,0.78,0.44,0.67,0,0,1.55,1.38,1.81,0.77,1.46,1.31,1.73,0.8,2.33,1.33,2.33,0.67,1.67,1.0,1.33,0.67
E0,02/04/2016,Norwich,Newcastle,3,2,H,0.44,0.11,0.22,0.0,1,0,1.03,1.74,0.97,1.83,1.27,1.47,0.47,2.2,0.33,0.33,0.67,1.67,1.0,1.33,0.33,2.33
E0,02/04/2016,Stoke,Swansea,2,2,D,0.44,0.67,0.67,0.33,0,0,1.1,1.19,1.0,1.29,1.13,1.07,1.07,1.47,1.33,1.33,1.33,1.0,1.33,1.0,1.67,2.0
E0,02/04/2016,Sunderland,West Brom,0,0,D,0.33,0.44,0.44,0.44,0,0,1.2,1.83,1.0,1.23,1.21,1.14,0.79,1.14,1.33,1.33,1.0,1.0,1.33,1.33,1.0,1.0
E0,02/04/2016,West Ham,Crystal Palace,2,2,D,0.78,0.11,1.0,0.22,0,0,1.57,1.17,1.07,1.33,1.57,1.0,1.14,1.29,2.0,1.33,1.0,1.67,1.33,0.0,1.67,2.0
E0,03/04/2016,Leicester,Southampton,1,0,H,1.0,0.78,0.78,0.67,0,0,1.74,1.0,1.32,1.03,1.67,1.0,0.87,0.93,1.0,0.0,2.0,1.33,1.33,0.67,1.0,1.0
E0,03/04/2016,Man United,Everton,1,0,H,0.67,0.33,1.0,0.78,0,0,1.27,0.9,1.76,1.41,1.36,0.5,1.69,1.0,0.67,0.33,1.67,2.0,2.33,0.67,3.0,1.33
E0,09/04/2016,Aston Villa,Bournemouth,1,2,A,0.0,0.33,0.0,0.44,0,1,0.69,1.94,1.19,1.69,0.69,1.81,1.12,1.69,0.0,2.33,1.0,3.0,0.33,3.0,1.0,1.33
E0,09/04/2016,Crystal Palace,Norwich,1,0,H,0.11,0.78,0.0,0.33,0,1,1.1,1.35,1.09,1.75,1.0,1.38,0.81,2.0,1.0,1.67,1.33,0.67,0.67,1.67,0.33,0.67
E0,09/04/2016,Man City,West Brom,2,1,H,0.44,0.44,0.33,0.56,0,0,1.81,1.03,0.97,1.19,2.44,1.12,0.73,1.07,1.33,0.33,0.33,0.33,1.67,1.0,1.0,0.67
E0,09/04/2016,Southampton,Newcastle,3,1,H,0.67,0.11,0.44,0.0,0,0,1.28,1.03,1.0,1.87,1.75,1.12,0.56,2.25,1.67,1.33,1.0,1.67,1.67,1.67,0.67,1.67
E0,09/04/2016,Swansea,Chelsea,1,0,H,0.44,0.56,0.67,1.0,0,0,1.03,1.31,1.58,1.32,0.94,1.12,1.33,1.13,1.67,1.67,2.33,1.0,0.67,0.33,2.67,0.67
E0,09/04/2016,Watford,Everton,1,1,D,0.0,0.0,0.11,0.67,1,0,0.97,1.16,1.7,1.4,0.88,0.88,1.57,1.0,0.33,2.33,0.67,2.0,0.33,1.0,2.0,0.67
E0,09/04/2016,West Ham,Arsenal,3,3,D,0.56,0.78,0.78,0.44,0,0,1.58,1.19,1.68,0.97,1.6,1.07,1.81,1.25,2.33,2.0,2.67,0.67,1.33,0.67,2.0,1.67
E0,10/04/2016,Liverpool,Stoke,4,1,H,0.44,0.44,0.56,0.78,0,0,1.53,1.37,1.12,1.22,1.43,1.29,1.06,1.31,1.67,1.67,1.67,1.67,2.0,1.0,2.0,1.0
E0,10/04/2016,Sunderland,Leicester,0,2,A,0.33,1.0,0.56,0.67,0,0,1.16,1.77,1.72,0.97,1.13,1.07,1.81,1.0,0.67,0.67,1.0,0.0,1.33,1.0,1.0,0.67
E0,10/04/2016,Tottenham,Man United,3,0,H,0.78,0.67,0.78,0.33,0,0,1.78,0.78,1.26,0.87,1.88,0.75,1.19,1.25,2.0,0.33,0.67,0.33,2.33,1.0,0.67,1.0
E0,13/04/2016,Crystal Palace,Everton,0,0,D,0.44,0.11,0.33,0.44,0,0,1.09,1.31,1.68,1.39,1.0,1.29,1.53,1.0,1.0,1.0,0.33,1.33,0.67,1.0,1.33,1.0
E0,16/04/2016,Chelsea,Man City,0,3,A,0.44,0.67,0.56,0.44,0,0,1.53,1.31,1.81,1.03,1.81,1.5,1.13,0.93,2.0,1.0,2.0,0.67,2.67,1.33,1.33,1.0
E0,16/04/2016,Everton,Southampton,1,1,D,0.22,0.67,0.0,0.33,0,0,1.62,1.34,1.33,1.03,1.81,1.75,0.81,0.94,0.33,0.67,2.0,1.33,0.67,2.0,0.67,1.33
E0,16/04/2016,Man United,Aston Villa,1,0,H,0.67,0.0,1.0,0.0,0,0,1.22,0.94,0.7,1.94,1.33,0.47,0.69,2.06,0.67,1.0,0.33,2.33,1.67,0.67,0.33,2.33
E0,16/04/2016,Newcastle,Swansea,3,0,H,0.11,0.78,0.44,0.44,0,0,1.0,1.91,1.03,1.27,1.47,1.47,1.12,1.5,1.33,2.33,1.33,0.67,1.0,1.33,2.0,2.0
E0,16/04/2016,Norwich,Sunderland,0,3,A,0.67,0.22,0.44,0.22,1,0,1.06,1.73,1.12,1.78,1.38,1.5,1.19,2.44,1.33,1.0,0.33,1.0,1.33,1.33,0.67,1.0
E0,16/04/2016,West Brom,Watford,0,1,A,0.11,0.11,0.67,0.33,0,1,0.97,1.22,0.97,1.16,1.19,1.31,1.07,1.47,0.33,1.0,0.67,2.33,1.33,1.0,0.67,2.0
E0,17/04/2016,Arsenal,Crystal Palace,1,1,D,0.78,0.56,0.67,0.22,0,0,1.72,1.03,1.06,1.27,1.53,0.67,1.2,1.33,3.0,1.0,1.0,0.67,2.33,1.0,2.0,2.33
E0,17/04/2016,Bournemouth,Liverpool,1,2,A,0.33,0.44,0.67,0.67,1,0,1.21,1.67,1.61,1.35,1.25,1.69,1.62,1.44,0.67,2.67,2.33,1.67,1.67,2.0,3.33,1.33
E0,17/04/2016,Leicester,West Ham,2,2,D,1.0,0.33,0.78,0.56,0,0,1.73,0.94,1.62,1.25,1.62,0.94,1.56,1.31,1.33,0.0,2.33,2.33,1.33,0.67,2.33,2.0
E0,18/04/2016,Stoke,Tottenham,0,4,A,0.44,0.78,0.44,0.44,0,0,1.12,1.3,1.82,0.76,1.19,1.12,1.69,0.81,1.67,2.33,2.33,0.33,1.33,1.33,1.0,0.67
E0,19/04/2016,Newcastle,Man City,1,1,D,0.33,1.0,0.44,0.78,0,0,1.06,1.85,1.85,1.0,1.56,1.38,1.25,0.88,2.0,2.0,3.0,0.33,1.67,1.33,2.33,0.0
E0,20/04/2016,Liverpool,Everton,4,0,H,0.78,0.33,0.78,0.22,0,0,1.62,1.34,1.61,1.33,1.6,1.27,1.44,0.94,2.33,1.0,0.67,0.67,2.67,0.67,0.33,0.67
E0,20/04/2016,Man United,Crystal Palace,2,0,H,0.67,0.56,1.0,0.33,0,0,1.21,0.91,1.06,1.26,1.31,0.44,1.19,1.31,0.67,1.0,0.67,0.33,1.0,0.0,1.67,1.67
E0,20/04/2016,West Ham,Watford,3,1,H,0.33,0.44,0.56,0.33,0,1,1.64,1.27,0.97,1.12,1.69,1.19,1.06,1.38,2.33,2.33,0.67,1.67,2.0,1.67,0.33,1.67
E0,21/04/2016,Arsenal,West Brom,2,0,H,0.56,0.11,0.44,0.22,0,0,1.7,1.03,0.94,1.21,1.5,0.69,0.75,1.12,2.67,1.33,0.33,1.0,2.0,1.0,1.0,1.33
E0,23/04/2016,Aston Villa,Southampton,2,4,A,0.0,0.44,0.0,0.44,0,0,0.68,1.91,1.32,1.03,0.71,1.82,0.82,0.94,0.33,2.33,1.33,1.0,0.33,2.67,1.0,1.0
E0,23/04/2016,Bournemouth,Chelsea,1,4,A,0.33,0.33,0.33,0.67,1,0,1.21,1.68,1.48,1.36,1.24,1.71,1.25,1.12,1.0,2.33,1.33,1.33,1.33,2.67,2.0,0.67
E0,23/04/2016,Liverpool,Newcastle,2,2,D,1.0,0.44,0.78,0.0,0,0,1.7,1.3,1.06,1.82,1.75,1.19,0.59,2.29,3.33,0.67,1.67,1.33,3.0,0.67,1.0,2.33
E0,23/04/2016,Man City,Stoke,4,0,H,0.78,0.11,0.67,0.44,0,0,1.82,1.0,1.09,1.38,2.41,1.12,1.06,1.47,2.0,0.67,1.0,3.33,2.0,0.67,1.33,2.0
E0,24/04/2016,Leicester,Swansea,4,0,H,0.78,0.44,0.78,0.11,0,0,1.74,0.97,1.0,1.32,1.65,1.0,1.06,1.59,1.67,0.67,1.0,1.67,1.33,0.67,1.33,2.67
E0,24/04/2016,Sunderland,Arsenal,0,0,D,0.44,0.56,0.22,0.56,0,0,1.18,1.73,1.71,1.0,1.06,1.12,1.88,1.35,1.0,0.67,2.0,1.33,0.67,1.33,2.33,1.67
E0,25/04/2016,Tottenham,West Brom,1,1,D,0.78,0.0,0.78,0.11,0,0,1.88,0.74,0.91,1.24,1.94,0.71,0.71,1.18,2.67,0.33,0.33,1.67,2.67,0.67,0.33,1.33
E0,30/04/2016,Arsenal,Norwich,1,0,H,0.56,0.33,0.78,0.33,0,1,1.66,0.97,1.03,1.76,1.53,0.65,0.76,1.94,1.0,0.33,1.0,2.0,2.33,0.33,0.33,0.67
E0,30/04/2016,Everton,Bournemouth,2,1,H,0.22,0.33,0.11,0.67,0,1,1.56,1.41,1.2,1.74,1.76,1.71,1.18,1.65,0.33,1.67,1.33,2.33,1.0,2.0,1.67,1.67
E0,30/04/2016,Newcastle,Crystal Palace,1,0,H,0.56,0.22,0.56,0.22,0,0,1.09,1.83,1.03,1.29,1.53,1.35,1.12,1.35,2.0,1.0,0.33,1.0,1.67,0.67,1.0,1.67
E0,30/04/2016,Stoke,Sunderland,1,1,D,0.0,0.44,0.11,0.56,0,0,1.06,1.46,1.15,1.68,1.12,1.29,1.29,2.29,0.33,4.0,1.0,0.67,1.0,2.67,1.67,0.67
E0,30/04/2016,Watford,Aston Villa,3,2,H,0.44,0.0,0.11,0.0,1,0,0.97,1.18,0.71,1.97,0.88,0.88,0.65,2.0,1.0,1.33,1.0,2.33,0.67,1.33,0.0,2.0
E0,30/04/2016,West Brom,West Ham,0,3,A,0.11,0.56,0.33,0.56,0,0,0.91,1.23,1.68,1.26,1.12,1.29,1.59,1.35,0.33,1.33,2.67,2.0,0.33,0.67,2.33,2.0
E0,01/05/2016,Man United,Leicester,1,1,D,0.67,0.78,1.0,1.0,0,0,1.24,0.88,1.8,0.94,1.35,0.41,1.82,0.94,1.0,1.0,2.67,0.67,1.33,0.0,1.33,0.0
E0,01/05/2016,Southampton,Man City,4,2,H,0.78,0.78,0.78,0.78,0,0,1.4,1.06,1.89,0.97,1.82,1.12,1.24,0.88,2.67,1.33,2.67,0.33,2.33,1.33,2.67,0.33
E0,01/05/2016,Swansea,Liverpool,3,1,H,0.33,0.78,1.0,0.67,0,0,0.97,1.4,1.71,1.32,0.94,1.06,1.65,1.41,0.33,2.33,2.67,1.0,1.0,0.0,2.0,1.67
E0,02/05/2016,Chelsea,Tottenham,2,2,D,0.33,0.78,0.22,0.78,0,0,1.56,1.35,1.86,0.74,1.71,1.59,1.82,0.76,1.33,1.67,2.67,0.33,1.0,2.0,2.33,0.33
E0,07/05/2016,Aston Villa,Newcastle,0,0,D,0.0,0.56,0.0,0.11,0,0,0.75,2.0,1.08,1.78,0.78,1.94,0.67,2.28,1.33,2.67,1.33,1.0,1.0,3.33,1.67,2.67
E0,07/05/2016,Bournemouth,West Brom,1,1,D,0.0,0.11,0.0,0.11,1,0,1.19,1.75,0.89,1.28,1.22,1.83,0.72,1.17,1.0,2.67,0.33,2.0,0.67,3.33,0.67,1.67
E0,07/05/2016,Crystal Palace,Stoke,2,1,H,0.11,0.11,0.44,0.33,0,0,1.0,1.28,1.06,1.44,0.94,1.22,1.0,1.61,0.33,1.33,0.33,3.0,0.33,0.33,1.0,3.0
E0,07/05/2016,Leicester,Everton,3,1,H,0.56,0.44,0.78,0.22,0,0,1.78,0.94,1.57,1.4,1.78,0.94,1.35,1.12,2.33,1.0,1.0,2.0,2.33,0.67,0.33,1.67
E0,07/05/2016,Norwich,Man United,0,1,A,0.0,0.78,0.44,0.33,1,0,1.0,1.74,1.23,0.89,1.29,1.59,1.12,1.35,0.0,1.67,1.33,0.33,1.0,1.67,0.33,1.33
E0,07/05/2016,Sunderland,Chelsea,3,2,H,0.56,0.44,0.22,0.67,0,0,1.14,1.66,1.57,1.37,1.0,1.06,1.41,1.12,1.33,0.33,2.0,2.0,0.0,0.67,2.67,0.67
E0,07/05/2016,West Ham,Swansea,1,4,A,0.78,0.33,0.56,0.11,0,0,1.71,1.23,1.03,1.39,1.76,1.18,1.0,1.72,2.67,1.0,1.0,2.67,2.67,2.0,0.67,3.0
E0,08/05/2016,Liverpool,Watford,2,0,H,0.44,0.67,0.78,0.33,0,1,1.69,1.37,1.03,1.2,1.76,1.24,1.06,1.47,2.33,1.67,1.67,1.67,3.33,1.0,0.67,2.33
E0,08/05/2016,Man City,Arsenal,2,2,D,0.44,0.78,0.67,0.56,0,0,1.89,1.06,1.64,0.94,2.5,1.06,1.78,1.28,2.33,1.67,1.0,0.0,2.0,0.67,1.67,1.0
E0,08/05/2016,Tottenham,Southampton,1,2,A,0.56,0.78,0.78,0.44,0,0,1.86,0.78,1.47,1.08,1.89,0.72,1.0,1.0,2.33,1.0,3.0,1.67,2.33,0.33,1.67,1.33
E0,10/05/2016,West Ham,Man United,3,2,H,0.67,0.78,0.44,0.67,0,0,1.69,1.31,1.22,0.86,1.72,1.33,1.11,1.28,2.33,1.67,1.33,0.33,2.33,2.67,0.67,1.0
E0,11/05/2016,Liverpool,Chelsea,1,1,D,0.44,0.44,0.78,0.33,0,0,1.69,1.33,1.58,1.42,1.78,1.17,1.44,1.22,1.67,1.67,2.67,2.0,2.67,0.67,2.0,1.67
E0,11/05/2016,Norwich,Watford,4,2,H,0.0,0.33,0.33,0.33,1,1,0.97,1.72,1.0,1.22,1.22,1.56,1.0,1.5,0.0,1.67,1.33,2.33,1.0,2.0,0.67,1.67
E0,11/05/2016,Sunderland,Everton,3,0,H,0.56,0.33,0.44,0.11,0,0,1.19,1.67,1.56,1.44,1.11,1.11,1.33,1.22,1.33,1.0,1.0,2.67,1.0,1.33,0.33,2.33
E0,15/05/2016,Arsenal,Aston Villa,4,0,H,0.56,0.11,0.78,0.0,0,0,1.65,0.97,0.73,1.95,1.5,0.61,0.72,2.06,1.0,0.67,1.33,2.33,1.33,0.33,0.67,1.67
E0,15/05/2016,Chelsea,Leicester,1,1,D,0.22,0.78,0.22,0.78,0,0,1.57,1.41,1.81,0.95,1.72,1.61,1.78,0.94,1.67,2.0,2.67,0.67,1.33,2.33,1.33,0.33
E0,15/05/2016,Everton,Norwich,3,0,H,0.33,0.33,0.44,0.33,0,1,1.51,1.49,1.05,1.73,1.78,1.67,0.72,1.89,1.0,2.33,1.33,1.33,1.0,1.33,0.33,0.67
E0,15/05/2016,Newcastle,Tottenham,5,1,H,0.56,0.22,0.78,0.56,0,0,1.05,1.73,1.84,0.81,1.5,1.28,1.83,0.83,1.0,0.67,1.33,1.67,1.67,0.33,2.33,1.0
E0,15/05/2016,Southampton,Crystal Palace,4,1,H,1.0,0.33,1.0,0.11,0,0,1.49,1.08,1.03,1.27,1.94,1.17,1.06,1.33,3.33,1.67,0.67,1.33,3.33,1.67,0.33,1.33
E0,15/05/2016,Stoke,West Ham,2,1,H,0.11,0.67,0.22,0.56,0,0,1.05,1.46,1.73,1.32,1.11,1.28,1.67,1.28,0.67,2.33,2.33,2.0,1.0,2.33,2.33,1.33
E0,15/05/2016,Swansea,Man City,1,1,D,0.67,0.44,1.0,0.44,0,0,1.11,1.38,1.89,1.08,1.06,1.06,1.28,1.06,2.33,2.0,2.67,2.0,1.67,0.33,2.0,1.67
E0,15/05/2016,Watford,Sunderland,2,2,D,0.33,0.78,0.44,0.56,1,0,1.03,1.3,1.24,1.62,1.0,0.94,1.28,2.22,1.67,2.67,2.33,1.0,1.67,1.67,1.67,0.67
E0,15/05/2016,West Brom,Liverpool,1,1,D,0.22,0.44,0.0,0.33,0,0,0.89,1.27,1.68,1.32,1.06,1.39,1.61,1.5,0.67,1.67,1.33,1.33,0.0,1.67,1.67,2.33
E0,17/05/2016,Man United,Bournemouth,3,1,H,0.44,0.11,0.78,0.33,0,1,1.24,0.92,1.19,1.73,1.33,0.44,1.17,1.67,1.33,1.33,1.0,2.33,1.33,0.33,1.0,2.0
